"","M","E","P","G"
"1","divorced","yes","yes","Female"
"2","divorced","yes","yes","Female"
"3","divorced","yes","yes","Female"
"4","divorced","yes","yes","Female"
"5","divorced","yes","yes","Female"
"6","divorced","yes","yes","Female"
"7","divorced","yes","yes","Female"
"8","divorced","yes","yes","Female"
"9","divorced","yes","yes","Female"
"10","divorced","yes","yes","Female"
"11","divorced","yes","yes","Female"
"12","divorced","yes","yes","Female"
"13","divorced","yes","yes","Female"
"14","divorced","yes","yes","Female"
"15","divorced","yes","yes","Female"
"16","divorced","yes","yes","Female"
"17","divorced","yes","yes","Female"
"18","married","yes","yes","Female"
"19","married","yes","yes","Female"
"20","married","yes","yes","Female"
"21","married","yes","yes","Female"
"22","divorced","no","yes","Female"
"23","divorced","no","yes","Female"
"24","divorced","no","yes","Female"
"25","divorced","no","yes","Female"
"26","divorced","no","yes","Female"
"27","divorced","no","yes","Female"
"28","divorced","no","yes","Female"
"29","divorced","no","yes","Female"
"30","divorced","no","yes","Female"
"31","divorced","no","yes","Female"
"32","divorced","no","yes","Female"
"33","divorced","no","yes","Female"
"34","divorced","no","yes","Female"
"35","divorced","no","yes","Female"
"36","divorced","no","yes","Female"
"37","divorced","no","yes","Female"
"38","divorced","no","yes","Female"
"39","divorced","no","yes","Female"
"40","divorced","no","yes","Female"
"41","divorced","no","yes","Female"
"42","divorced","no","yes","Female"
"43","divorced","no","yes","Female"
"44","divorced","no","yes","Female"
"45","divorced","no","yes","Female"
"46","divorced","no","yes","Female"
"47","divorced","no","yes","Female"
"48","divorced","no","yes","Female"
"49","divorced","no","yes","Female"
"50","divorced","no","yes","Female"
"51","divorced","no","yes","Female"
"52","divorced","no","yes","Female"
"53","divorced","no","yes","Female"
"54","divorced","no","yes","Female"
"55","divorced","no","yes","Female"
"56","divorced","no","yes","Female"
"57","divorced","no","yes","Female"
"58","divorced","no","yes","Female"
"59","divorced","no","yes","Female"
"60","divorced","no","yes","Female"
"61","divorced","no","yes","Female"
"62","divorced","no","yes","Female"
"63","divorced","no","yes","Female"
"64","divorced","no","yes","Female"
"65","divorced","no","yes","Female"
"66","divorced","no","yes","Female"
"67","divorced","no","yes","Female"
"68","divorced","no","yes","Female"
"69","divorced","no","yes","Female"
"70","divorced","no","yes","Female"
"71","divorced","no","yes","Female"
"72","divorced","no","yes","Female"
"73","divorced","no","yes","Female"
"74","divorced","no","yes","Female"
"75","divorced","no","yes","Female"
"76","married","no","yes","Female"
"77","married","no","yes","Female"
"78","married","no","yes","Female"
"79","married","no","yes","Female"
"80","married","no","yes","Female"
"81","married","no","yes","Female"
"82","married","no","yes","Female"
"83","married","no","yes","Female"
"84","married","no","yes","Female"
"85","married","no","yes","Female"
"86","married","no","yes","Female"
"87","married","no","yes","Female"
"88","married","no","yes","Female"
"89","married","no","yes","Female"
"90","married","no","yes","Female"
"91","married","no","yes","Female"
"92","married","no","yes","Female"
"93","married","no","yes","Female"
"94","married","no","yes","Female"
"95","married","no","yes","Female"
"96","married","no","yes","Female"
"97","married","no","yes","Female"
"98","married","no","yes","Female"
"99","married","no","yes","Female"
"100","married","no","yes","Female"
"101","divorced","yes","no","Female"
"102","divorced","yes","no","Female"
"103","divorced","yes","no","Female"
"104","divorced","yes","no","Female"
"105","divorced","yes","no","Female"
"106","divorced","yes","no","Female"
"107","divorced","yes","no","Female"
"108","divorced","yes","no","Female"
"109","divorced","yes","no","Female"
"110","divorced","yes","no","Female"
"111","divorced","yes","no","Female"
"112","divorced","yes","no","Female"
"113","divorced","yes","no","Female"
"114","divorced","yes","no","Female"
"115","divorced","yes","no","Female"
"116","divorced","yes","no","Female"
"117","divorced","yes","no","Female"
"118","divorced","yes","no","Female"
"119","divorced","yes","no","Female"
"120","divorced","yes","no","Female"
"121","divorced","yes","no","Female"
"122","divorced","yes","no","Female"
"123","divorced","yes","no","Female"
"124","divorced","yes","no","Female"
"125","divorced","yes","no","Female"
"126","divorced","yes","no","Female"
"127","divorced","yes","no","Female"
"128","divorced","yes","no","Female"
"129","divorced","yes","no","Female"
"130","divorced","yes","no","Female"
"131","divorced","yes","no","Female"
"132","divorced","yes","no","Female"
"133","divorced","yes","no","Female"
"134","divorced","yes","no","Female"
"135","divorced","yes","no","Female"
"136","divorced","yes","no","Female"
"137","married","yes","no","Female"
"138","married","yes","no","Female"
"139","married","yes","no","Female"
"140","married","yes","no","Female"
"141","divorced","no","no","Female"
"142","divorced","no","no","Female"
"143","divorced","no","no","Female"
"144","divorced","no","no","Female"
"145","divorced","no","no","Female"
"146","divorced","no","no","Female"
"147","divorced","no","no","Female"
"148","divorced","no","no","Female"
"149","divorced","no","no","Female"
"150","divorced","no","no","Female"
"151","divorced","no","no","Female"
"152","divorced","no","no","Female"
"153","divorced","no","no","Female"
"154","divorced","no","no","Female"
"155","divorced","no","no","Female"
"156","divorced","no","no","Female"
"157","divorced","no","no","Female"
"158","divorced","no","no","Female"
"159","divorced","no","no","Female"
"160","divorced","no","no","Female"
"161","divorced","no","no","Female"
"162","divorced","no","no","Female"
"163","divorced","no","no","Female"
"164","divorced","no","no","Female"
"165","divorced","no","no","Female"
"166","divorced","no","no","Female"
"167","divorced","no","no","Female"
"168","divorced","no","no","Female"
"169","divorced","no","no","Female"
"170","divorced","no","no","Female"
"171","divorced","no","no","Female"
"172","divorced","no","no","Female"
"173","divorced","no","no","Female"
"174","divorced","no","no","Female"
"175","divorced","no","no","Female"
"176","divorced","no","no","Female"
"177","divorced","no","no","Female"
"178","divorced","no","no","Female"
"179","divorced","no","no","Female"
"180","divorced","no","no","Female"
"181","divorced","no","no","Female"
"182","divorced","no","no","Female"
"183","divorced","no","no","Female"
"184","divorced","no","no","Female"
"185","divorced","no","no","Female"
"186","divorced","no","no","Female"
"187","divorced","no","no","Female"
"188","divorced","no","no","Female"
"189","divorced","no","no","Female"
"190","divorced","no","no","Female"
"191","divorced","no","no","Female"
"192","divorced","no","no","Female"
"193","divorced","no","no","Female"
"194","divorced","no","no","Female"
"195","divorced","no","no","Female"
"196","divorced","no","no","Female"
"197","divorced","no","no","Female"
"198","divorced","no","no","Female"
"199","divorced","no","no","Female"
"200","divorced","no","no","Female"
"201","divorced","no","no","Female"
"202","divorced","no","no","Female"
"203","divorced","no","no","Female"
"204","divorced","no","no","Female"
"205","divorced","no","no","Female"
"206","divorced","no","no","Female"
"207","divorced","no","no","Female"
"208","divorced","no","no","Female"
"209","divorced","no","no","Female"
"210","divorced","no","no","Female"
"211","divorced","no","no","Female"
"212","divorced","no","no","Female"
"213","divorced","no","no","Female"
"214","divorced","no","no","Female"
"215","divorced","no","no","Female"
"216","divorced","no","no","Female"
"217","divorced","no","no","Female"
"218","divorced","no","no","Female"
"219","divorced","no","no","Female"
"220","divorced","no","no","Female"
"221","divorced","no","no","Female"
"222","divorced","no","no","Female"
"223","divorced","no","no","Female"
"224","divorced","no","no","Female"
"225","divorced","no","no","Female"
"226","divorced","no","no","Female"
"227","divorced","no","no","Female"
"228","divorced","no","no","Female"
"229","divorced","no","no","Female"
"230","divorced","no","no","Female"
"231","divorced","no","no","Female"
"232","divorced","no","no","Female"
"233","divorced","no","no","Female"
"234","divorced","no","no","Female"
"235","divorced","no","no","Female"
"236","divorced","no","no","Female"
"237","divorced","no","no","Female"
"238","divorced","no","no","Female"
"239","divorced","no","no","Female"
"240","divorced","no","no","Female"
"241","divorced","no","no","Female"
"242","divorced","no","no","Female"
"243","divorced","no","no","Female"
"244","divorced","no","no","Female"
"245","divorced","no","no","Female"
"246","divorced","no","no","Female"
"247","divorced","no","no","Female"
"248","divorced","no","no","Female"
"249","divorced","no","no","Female"
"250","divorced","no","no","Female"
"251","divorced","no","no","Female"
"252","divorced","no","no","Female"
"253","divorced","no","no","Female"
"254","divorced","no","no","Female"
"255","divorced","no","no","Female"
"256","divorced","no","no","Female"
"257","divorced","no","no","Female"
"258","divorced","no","no","Female"
"259","divorced","no","no","Female"
"260","divorced","no","no","Female"
"261","divorced","no","no","Female"
"262","divorced","no","no","Female"
"263","divorced","no","no","Female"
"264","divorced","no","no","Female"
"265","divorced","no","no","Female"
"266","divorced","no","no","Female"
"267","divorced","no","no","Female"
"268","divorced","no","no","Female"
"269","divorced","no","no","Female"
"270","divorced","no","no","Female"
"271","divorced","no","no","Female"
"272","divorced","no","no","Female"
"273","divorced","no","no","Female"
"274","divorced","no","no","Female"
"275","divorced","no","no","Female"
"276","divorced","no","no","Female"
"277","divorced","no","no","Female"
"278","divorced","no","no","Female"
"279","divorced","no","no","Female"
"280","divorced","no","no","Female"
"281","divorced","no","no","Female"
"282","divorced","no","no","Female"
"283","divorced","no","no","Female"
"284","divorced","no","no","Female"
"285","divorced","no","no","Female"
"286","divorced","no","no","Female"
"287","divorced","no","no","Female"
"288","divorced","no","no","Female"
"289","divorced","no","no","Female"
"290","divorced","no","no","Female"
"291","divorced","no","no","Female"
"292","divorced","no","no","Female"
"293","divorced","no","no","Female"
"294","divorced","no","no","Female"
"295","divorced","no","no","Female"
"296","divorced","no","no","Female"
"297","divorced","no","no","Female"
"298","divorced","no","no","Female"
"299","divorced","no","no","Female"
"300","divorced","no","no","Female"
"301","divorced","no","no","Female"
"302","divorced","no","no","Female"
"303","divorced","no","no","Female"
"304","divorced","no","no","Female"
"305","divorced","no","no","Female"
"306","divorced","no","no","Female"
"307","divorced","no","no","Female"
"308","divorced","no","no","Female"
"309","divorced","no","no","Female"
"310","divorced","no","no","Female"
"311","divorced","no","no","Female"
"312","divorced","no","no","Female"
"313","divorced","no","no","Female"
"314","divorced","no","no","Female"
"315","divorced","no","no","Female"
"316","divorced","no","no","Female"
"317","divorced","no","no","Female"
"318","divorced","no","no","Female"
"319","divorced","no","no","Female"
"320","divorced","no","no","Female"
"321","divorced","no","no","Female"
"322","divorced","no","no","Female"
"323","divorced","no","no","Female"
"324","divorced","no","no","Female"
"325","divorced","no","no","Female"
"326","divorced","no","no","Female"
"327","divorced","no","no","Female"
"328","divorced","no","no","Female"
"329","divorced","no","no","Female"
"330","divorced","no","no","Female"
"331","divorced","no","no","Female"
"332","divorced","no","no","Female"
"333","divorced","no","no","Female"
"334","divorced","no","no","Female"
"335","divorced","no","no","Female"
"336","divorced","no","no","Female"
"337","divorced","no","no","Female"
"338","divorced","no","no","Female"
"339","divorced","no","no","Female"
"340","divorced","no","no","Female"
"341","divorced","no","no","Female"
"342","divorced","no","no","Female"
"343","divorced","no","no","Female"
"344","divorced","no","no","Female"
"345","divorced","no","no","Female"
"346","divorced","no","no","Female"
"347","divorced","no","no","Female"
"348","divorced","no","no","Female"
"349","divorced","no","no","Female"
"350","divorced","no","no","Female"
"351","divorced","no","no","Female"
"352","divorced","no","no","Female"
"353","divorced","no","no","Female"
"354","divorced","no","no","Female"
"355","married","no","no","Female"
"356","married","no","no","Female"
"357","married","no","no","Female"
"358","married","no","no","Female"
"359","married","no","no","Female"
"360","married","no","no","Female"
"361","married","no","no","Female"
"362","married","no","no","Female"
"363","married","no","no","Female"
"364","married","no","no","Female"
"365","married","no","no","Female"
"366","married","no","no","Female"
"367","married","no","no","Female"
"368","married","no","no","Female"
"369","married","no","no","Female"
"370","married","no","no","Female"
"371","married","no","no","Female"
"372","married","no","no","Female"
"373","married","no","no","Female"
"374","married","no","no","Female"
"375","married","no","no","Female"
"376","married","no","no","Female"
"377","married","no","no","Female"
"378","married","no","no","Female"
"379","married","no","no","Female"
"380","married","no","no","Female"
"381","married","no","no","Female"
"382","married","no","no","Female"
"383","married","no","no","Female"
"384","married","no","no","Female"
"385","married","no","no","Female"
"386","married","no","no","Female"
"387","married","no","no","Female"
"388","married","no","no","Female"
"389","married","no","no","Female"
"390","married","no","no","Female"
"391","married","no","no","Female"
"392","married","no","no","Female"
"393","married","no","no","Female"
"394","married","no","no","Female"
"395","married","no","no","Female"
"396","married","no","no","Female"
"397","married","no","no","Female"
"398","married","no","no","Female"
"399","married","no","no","Female"
"400","married","no","no","Female"
"401","married","no","no","Female"
"402","married","no","no","Female"
"403","married","no","no","Female"
"404","married","no","no","Female"
"405","married","no","no","Female"
"406","married","no","no","Female"
"407","married","no","no","Female"
"408","married","no","no","Female"
"409","married","no","no","Female"
"410","married","no","no","Female"
"411","married","no","no","Female"
"412","married","no","no","Female"
"413","married","no","no","Female"
"414","married","no","no","Female"
"415","married","no","no","Female"
"416","married","no","no","Female"
"417","married","no","no","Female"
"418","married","no","no","Female"
"419","married","no","no","Female"
"420","married","no","no","Female"
"421","married","no","no","Female"
"422","married","no","no","Female"
"423","married","no","no","Female"
"424","married","no","no","Female"
"425","married","no","no","Female"
"426","married","no","no","Female"
"427","married","no","no","Female"
"428","married","no","no","Female"
"429","married","no","no","Female"
"430","married","no","no","Female"
"431","married","no","no","Female"
"432","married","no","no","Female"
"433","married","no","no","Female"
"434","married","no","no","Female"
"435","married","no","no","Female"
"436","married","no","no","Female"
"437","married","no","no","Female"
"438","married","no","no","Female"
"439","married","no","no","Female"
"440","married","no","no","Female"
"441","married","no","no","Female"
"442","married","no","no","Female"
"443","married","no","no","Female"
"444","married","no","no","Female"
"445","married","no","no","Female"
"446","married","no","no","Female"
"447","married","no","no","Female"
"448","married","no","no","Female"
"449","married","no","no","Female"
"450","married","no","no","Female"
"451","married","no","no","Female"
"452","married","no","no","Female"
"453","married","no","no","Female"
"454","married","no","no","Female"
"455","married","no","no","Female"
"456","married","no","no","Female"
"457","married","no","no","Female"
"458","married","no","no","Female"
"459","married","no","no","Female"
"460","married","no","no","Female"
"461","married","no","no","Female"
"462","married","no","no","Female"
"463","married","no","no","Female"
"464","married","no","no","Female"
"465","married","no","no","Female"
"466","married","no","no","Female"
"467","married","no","no","Female"
"468","married","no","no","Female"
"469","married","no","no","Female"
"470","married","no","no","Female"
"471","married","no","no","Female"
"472","married","no","no","Female"
"473","married","no","no","Female"
"474","married","no","no","Female"
"475","married","no","no","Female"
"476","married","no","no","Female"
"477","married","no","no","Female"
"478","married","no","no","Female"
"479","married","no","no","Female"
"480","married","no","no","Female"
"481","married","no","no","Female"
"482","married","no","no","Female"
"483","married","no","no","Female"
"484","married","no","no","Female"
"485","married","no","no","Female"
"486","married","no","no","Female"
"487","married","no","no","Female"
"488","married","no","no","Female"
"489","married","no","no","Female"
"490","married","no","no","Female"
"491","married","no","no","Female"
"492","married","no","no","Female"
"493","married","no","no","Female"
"494","married","no","no","Female"
"495","married","no","no","Female"
"496","married","no","no","Female"
"497","married","no","no","Female"
"498","married","no","no","Female"
"499","married","no","no","Female"
"500","married","no","no","Female"
"501","married","no","no","Female"
"502","married","no","no","Female"
"503","married","no","no","Female"
"504","married","no","no","Female"
"505","married","no","no","Female"
"506","married","no","no","Female"
"507","married","no","no","Female"
"508","married","no","no","Female"
"509","married","no","no","Female"
"510","married","no","no","Female"
"511","married","no","no","Female"
"512","married","no","no","Female"
"513","married","no","no","Female"
"514","married","no","no","Female"
"515","married","no","no","Female"
"516","married","no","no","Female"
"517","married","no","no","Female"
"518","married","no","no","Female"
"519","married","no","no","Female"
"520","married","no","no","Female"
"521","married","no","no","Female"
"522","married","no","no","Female"
"523","married","no","no","Female"
"524","married","no","no","Female"
"525","married","no","no","Female"
"526","married","no","no","Female"
"527","married","no","no","Female"
"528","married","no","no","Female"
"529","married","no","no","Female"
"530","married","no","no","Female"
"531","married","no","no","Female"
"532","married","no","no","Female"
"533","married","no","no","Female"
"534","married","no","no","Female"
"535","married","no","no","Female"
"536","married","no","no","Female"
"537","married","no","no","Female"
"538","married","no","no","Female"
"539","married","no","no","Female"
"540","married","no","no","Female"
"541","married","no","no","Female"
"542","married","no","no","Female"
"543","married","no","no","Female"
"544","married","no","no","Female"
"545","married","no","no","Female"
"546","married","no","no","Female"
"547","married","no","no","Female"
"548","married","no","no","Female"
"549","married","no","no","Female"
"550","married","no","no","Female"
"551","married","no","no","Female"
"552","married","no","no","Female"
"553","married","no","no","Female"
"554","married","no","no","Female"
"555","married","no","no","Female"
"556","married","no","no","Female"
"557","married","no","no","Female"
"558","married","no","no","Female"
"559","married","no","no","Female"
"560","married","no","no","Female"
"561","married","no","no","Female"
"562","married","no","no","Female"
"563","married","no","no","Female"
"564","married","no","no","Female"
"565","married","no","no","Female"
"566","married","no","no","Female"
"567","married","no","no","Female"
"568","married","no","no","Female"
"569","married","no","no","Female"
"570","married","no","no","Female"
"571","married","no","no","Female"
"572","married","no","no","Female"
"573","married","no","no","Female"
"574","married","no","no","Female"
"575","married","no","no","Female"
"576","married","no","no","Female"
"577","married","no","no","Female"
"578","married","no","no","Female"
"579","married","no","no","Female"
"580","married","no","no","Female"
"581","married","no","no","Female"
"582","married","no","no","Female"
"583","married","no","no","Female"
"584","married","no","no","Female"
"585","married","no","no","Female"
"586","married","no","no","Female"
"587","married","no","no","Female"
"588","married","no","no","Female"
"589","married","no","no","Female"
"590","married","no","no","Female"
"591","married","no","no","Female"
"592","married","no","no","Female"
"593","married","no","no","Female"
"594","married","no","no","Female"
"595","married","no","no","Female"
"596","married","no","no","Female"
"597","married","no","no","Female"
"598","married","no","no","Female"
"599","married","no","no","Female"
"600","married","no","no","Female"
"601","married","no","no","Female"
"602","married","no","no","Female"
"603","married","no","no","Female"
"604","married","no","no","Female"
"605","married","no","no","Female"
"606","married","no","no","Female"
"607","married","no","no","Female"
"608","married","no","no","Female"
"609","married","no","no","Female"
"610","married","no","no","Female"
"611","married","no","no","Female"
"612","married","no","no","Female"
"613","married","no","no","Female"
"614","married","no","no","Female"
"615","married","no","no","Female"
"616","married","no","no","Female"
"617","married","no","no","Female"
"618","married","no","no","Female"
"619","married","no","no","Female"
"620","married","no","no","Female"
"621","married","no","no","Female"
"622","married","no","no","Female"
"623","married","no","no","Female"
"624","married","no","no","Female"
"625","married","no","no","Female"
"626","married","no","no","Female"
"627","married","no","no","Female"
"628","married","no","no","Female"
"629","married","no","no","Female"
"630","married","no","no","Female"
"631","married","no","no","Female"
"632","married","no","no","Female"
"633","married","no","no","Female"
"634","married","no","no","Female"
"635","married","no","no","Female"
"636","married","no","no","Female"
"637","married","no","no","Female"
"638","married","no","no","Female"
"639","married","no","no","Female"
"640","married","no","no","Female"
"641","married","no","no","Female"
"642","married","no","no","Female"
"643","married","no","no","Female"
"644","married","no","no","Female"
"645","married","no","no","Female"
"646","married","no","no","Female"
"647","married","no","no","Female"
"648","married","no","no","Female"
"649","married","no","no","Female"
"650","married","no","no","Female"
"651","married","no","no","Female"
"652","married","no","no","Female"
"653","married","no","no","Female"
"654","married","no","no","Female"
"655","married","no","no","Female"
"656","married","no","no","Female"
"657","married","no","no","Female"
"658","married","no","no","Female"
"659","married","no","no","Female"
"660","married","no","no","Female"
"661","married","no","no","Female"
"662","married","no","no","Female"
"663","married","no","no","Female"
"664","married","no","no","Female"
"665","married","no","no","Female"
"666","married","no","no","Female"
"667","married","no","no","Female"
"668","married","no","no","Female"
"669","married","no","no","Female"
"670","married","no","no","Female"
"671","married","no","no","Female"
"672","married","no","no","Female"
"673","married","no","no","Female"
"674","married","no","no","Female"
"675","married","no","no","Female"
"676","married","no","no","Female"
"677","divorced","yes","yes","Male"
"678","divorced","yes","yes","Male"
"679","divorced","yes","yes","Male"
"680","divorced","yes","yes","Male"
"681","divorced","yes","yes","Male"
"682","divorced","yes","yes","Male"
"683","divorced","yes","yes","Male"
"684","divorced","yes","yes","Male"
"685","divorced","yes","yes","Male"
"686","divorced","yes","yes","Male"
"687","divorced","yes","yes","Male"
"688","divorced","yes","yes","Male"
"689","divorced","yes","yes","Male"
"690","divorced","yes","yes","Male"
"691","divorced","yes","yes","Male"
"692","divorced","yes","yes","Male"
"693","divorced","yes","yes","Male"
"694","divorced","yes","yes","Male"
"695","divorced","yes","yes","Male"
"696","divorced","yes","yes","Male"
"697","divorced","yes","yes","Male"
"698","divorced","yes","yes","Male"
"699","divorced","yes","yes","Male"
"700","divorced","yes","yes","Male"
"701","divorced","yes","yes","Male"
"702","divorced","yes","yes","Male"
"703","divorced","yes","yes","Male"
"704","divorced","yes","yes","Male"
"705","married","yes","yes","Male"
"706","married","yes","yes","Male"
"707","married","yes","yes","Male"
"708","married","yes","yes","Male"
"709","married","yes","yes","Male"
"710","married","yes","yes","Male"
"711","married","yes","yes","Male"
"712","married","yes","yes","Male"
"713","married","yes","yes","Male"
"714","married","yes","yes","Male"
"715","married","yes","yes","Male"
"716","divorced","no","yes","Male"
"717","divorced","no","yes","Male"
"718","divorced","no","yes","Male"
"719","divorced","no","yes","Male"
"720","divorced","no","yes","Male"
"721","divorced","no","yes","Male"
"722","divorced","no","yes","Male"
"723","divorced","no","yes","Male"
"724","divorced","no","yes","Male"
"725","divorced","no","yes","Male"
"726","divorced","no","yes","Male"
"727","divorced","no","yes","Male"
"728","divorced","no","yes","Male"
"729","divorced","no","yes","Male"
"730","divorced","no","yes","Male"
"731","divorced","no","yes","Male"
"732","divorced","no","yes","Male"
"733","divorced","no","yes","Male"
"734","divorced","no","yes","Male"
"735","divorced","no","yes","Male"
"736","divorced","no","yes","Male"
"737","divorced","no","yes","Male"
"738","divorced","no","yes","Male"
"739","divorced","no","yes","Male"
"740","divorced","no","yes","Male"
"741","divorced","no","yes","Male"
"742","divorced","no","yes","Male"
"743","divorced","no","yes","Male"
"744","divorced","no","yes","Male"
"745","divorced","no","yes","Male"
"746","divorced","no","yes","Male"
"747","divorced","no","yes","Male"
"748","divorced","no","yes","Male"
"749","divorced","no","yes","Male"
"750","divorced","no","yes","Male"
"751","divorced","no","yes","Male"
"752","divorced","no","yes","Male"
"753","divorced","no","yes","Male"
"754","divorced","no","yes","Male"
"755","divorced","no","yes","Male"
"756","divorced","no","yes","Male"
"757","divorced","no","yes","Male"
"758","divorced","no","yes","Male"
"759","divorced","no","yes","Male"
"760","divorced","no","yes","Male"
"761","divorced","no","yes","Male"
"762","divorced","no","yes","Male"
"763","divorced","no","yes","Male"
"764","divorced","no","yes","Male"
"765","divorced","no","yes","Male"
"766","divorced","no","yes","Male"
"767","divorced","no","yes","Male"
"768","divorced","no","yes","Male"
"769","divorced","no","yes","Male"
"770","divorced","no","yes","Male"
"771","divorced","no","yes","Male"
"772","divorced","no","yes","Male"
"773","divorced","no","yes","Male"
"774","divorced","no","yes","Male"
"775","divorced","no","yes","Male"
"776","married","no","yes","Male"
"777","married","no","yes","Male"
"778","married","no","yes","Male"
"779","married","no","yes","Male"
"780","married","no","yes","Male"
"781","married","no","yes","Male"
"782","married","no","yes","Male"
"783","married","no","yes","Male"
"784","married","no","yes","Male"
"785","married","no","yes","Male"
"786","married","no","yes","Male"
"787","married","no","yes","Male"
"788","married","no","yes","Male"
"789","married","no","yes","Male"
"790","married","no","yes","Male"
"791","married","no","yes","Male"
"792","married","no","yes","Male"
"793","married","no","yes","Male"
"794","married","no","yes","Male"
"795","married","no","yes","Male"
"796","married","no","yes","Male"
"797","married","no","yes","Male"
"798","married","no","yes","Male"
"799","married","no","yes","Male"
"800","married","no","yes","Male"
"801","married","no","yes","Male"
"802","married","no","yes","Male"
"803","married","no","yes","Male"
"804","married","no","yes","Male"
"805","married","no","yes","Male"
"806","married","no","yes","Male"
"807","married","no","yes","Male"
"808","married","no","yes","Male"
"809","married","no","yes","Male"
"810","married","no","yes","Male"
"811","married","no","yes","Male"
"812","married","no","yes","Male"
"813","married","no","yes","Male"
"814","married","no","yes","Male"
"815","married","no","yes","Male"
"816","married","no","yes","Male"
"817","married","no","yes","Male"
"818","divorced","yes","no","Male"
"819","divorced","yes","no","Male"
"820","divorced","yes","no","Male"
"821","divorced","yes","no","Male"
"822","divorced","yes","no","Male"
"823","divorced","yes","no","Male"
"824","divorced","yes","no","Male"
"825","divorced","yes","no","Male"
"826","divorced","yes","no","Male"
"827","divorced","yes","no","Male"
"828","divorced","yes","no","Male"
"829","divorced","yes","no","Male"
"830","divorced","yes","no","Male"
"831","divorced","yes","no","Male"
"832","divorced","yes","no","Male"
"833","divorced","yes","no","Male"
"834","divorced","yes","no","Male"
"835","married","yes","no","Male"
"836","married","yes","no","Male"
"837","married","yes","no","Male"
"838","married","yes","no","Male"
"839","divorced","no","no","Male"
"840","divorced","no","no","Male"
"841","divorced","no","no","Male"
"842","divorced","no","no","Male"
"843","divorced","no","no","Male"
"844","divorced","no","no","Male"
"845","divorced","no","no","Male"
"846","divorced","no","no","Male"
"847","divorced","no","no","Male"
"848","divorced","no","no","Male"
"849","divorced","no","no","Male"
"850","divorced","no","no","Male"
"851","divorced","no","no","Male"
"852","divorced","no","no","Male"
"853","divorced","no","no","Male"
"854","divorced","no","no","Male"
"855","divorced","no","no","Male"
"856","divorced","no","no","Male"
"857","divorced","no","no","Male"
"858","divorced","no","no","Male"
"859","divorced","no","no","Male"
"860","divorced","no","no","Male"
"861","divorced","no","no","Male"
"862","divorced","no","no","Male"
"863","divorced","no","no","Male"
"864","divorced","no","no","Male"
"865","divorced","no","no","Male"
"866","divorced","no","no","Male"
"867","divorced","no","no","Male"
"868","divorced","no","no","Male"
"869","divorced","no","no","Male"
"870","divorced","no","no","Male"
"871","divorced","no","no","Male"
"872","divorced","no","no","Male"
"873","divorced","no","no","Male"
"874","divorced","no","no","Male"
"875","divorced","no","no","Male"
"876","divorced","no","no","Male"
"877","divorced","no","no","Male"
"878","divorced","no","no","Male"
"879","divorced","no","no","Male"
"880","divorced","no","no","Male"
"881","divorced","no","no","Male"
"882","divorced","no","no","Male"
"883","divorced","no","no","Male"
"884","divorced","no","no","Male"
"885","divorced","no","no","Male"
"886","divorced","no","no","Male"
"887","divorced","no","no","Male"
"888","divorced","no","no","Male"
"889","divorced","no","no","Male"
"890","divorced","no","no","Male"
"891","divorced","no","no","Male"
"892","divorced","no","no","Male"
"893","divorced","no","no","Male"
"894","divorced","no","no","Male"
"895","divorced","no","no","Male"
"896","divorced","no","no","Male"
"897","divorced","no","no","Male"
"898","divorced","no","no","Male"
"899","divorced","no","no","Male"
"900","divorced","no","no","Male"
"901","divorced","no","no","Male"
"902","divorced","no","no","Male"
"903","divorced","no","no","Male"
"904","divorced","no","no","Male"
"905","divorced","no","no","Male"
"906","divorced","no","no","Male"
"907","married","no","no","Male"
"908","married","no","no","Male"
"909","married","no","no","Male"
"910","married","no","no","Male"
"911","married","no","no","Male"
"912","married","no","no","Male"
"913","married","no","no","Male"
"914","married","no","no","Male"
"915","married","no","no","Male"
"916","married","no","no","Male"
"917","married","no","no","Male"
"918","married","no","no","Male"
"919","married","no","no","Male"
"920","married","no","no","Male"
"921","married","no","no","Male"
"922","married","no","no","Male"
"923","married","no","no","Male"
"924","married","no","no","Male"
"925","married","no","no","Male"
"926","married","no","no","Male"
"927","married","no","no","Male"
"928","married","no","no","Male"
"929","married","no","no","Male"
"930","married","no","no","Male"
"931","married","no","no","Male"
"932","married","no","no","Male"
"933","married","no","no","Male"
"934","married","no","no","Male"
"935","married","no","no","Male"
"936","married","no","no","Male"
"937","married","no","no","Male"
"938","married","no","no","Male"
"939","married","no","no","Male"
"940","married","no","no","Male"
"941","married","no","no","Male"
"942","married","no","no","Male"
"943","married","no","no","Male"
"944","married","no","no","Male"
"945","married","no","no","Male"
"946","married","no","no","Male"
"947","married","no","no","Male"
"948","married","no","no","Male"
"949","married","no","no","Male"
"950","married","no","no","Male"
"951","married","no","no","Male"
"952","married","no","no","Male"
"953","married","no","no","Male"
"954","married","no","no","Male"
"955","married","no","no","Male"
"956","married","no","no","Male"
"957","married","no","no","Male"
"958","married","no","no","Male"
"959","married","no","no","Male"
"960","married","no","no","Male"
"961","married","no","no","Male"
"962","married","no","no","Male"
"963","married","no","no","Male"
"964","married","no","no","Male"
"965","married","no","no","Male"
"966","married","no","no","Male"
"967","married","no","no","Male"
"968","married","no","no","Male"
"969","married","no","no","Male"
"970","married","no","no","Male"
"971","married","no","no","Male"
"972","married","no","no","Male"
"973","married","no","no","Male"
"974","married","no","no","Male"
"975","married","no","no","Male"
"976","married","no","no","Male"
"977","married","no","no","Male"
"978","married","no","no","Male"
"979","married","no","no","Male"
"980","married","no","no","Male"
"981","married","no","no","Male"
"982","married","no","no","Male"
"983","married","no","no","Male"
"984","married","no","no","Male"
"985","married","no","no","Male"
"986","married","no","no","Male"
"987","married","no","no","Male"
"988","married","no","no","Male"
"989","married","no","no","Male"
"990","married","no","no","Male"
"991","married","no","no","Male"
"992","married","no","no","Male"
"993","married","no","no","Male"
"994","married","no","no","Male"
"995","married","no","no","Male"
"996","married","no","no","Male"
"997","married","no","no","Male"
"998","married","no","no","Male"
"999","married","no","no","Male"
"1000","married","no","no","Male"
"1001","married","no","no","Male"
"1002","married","no","no","Male"
"1003","married","no","no","Male"
"1004","married","no","no","Male"
"1005","married","no","no","Male"
"1006","married","no","no","Male"
"1007","married","no","no","Male"
"1008","married","no","no","Male"
"1009","married","no","no","Male"
"1010","married","no","no","Male"
"1011","married","no","no","Male"
"1012","married","no","no","Male"
"1013","married","no","no","Male"
"1014","married","no","no","Male"
"1015","married","no","no","Male"
"1016","married","no","no","Male"
"1017","married","no","no","Male"
"1018","married","no","no","Male"
"1019","married","no","no","Male"
"1020","married","no","no","Male"
"1021","married","no","no","Male"
"1022","married","no","no","Male"
"1023","married","no","no","Male"
"1024","married","no","no","Male"
"1025","married","no","no","Male"
"1026","married","no","no","Male"
"1027","married","no","no","Male"
"1028","married","no","no","Male"
"1029","married","no","no","Male"
"1030","married","no","no","Male"
"1031","married","no","no","Male"
"1032","married","no","no","Male"
"1033","married","no","no","Male"
"1034","married","no","no","Male"
"1035","married","no","no","Male"
"1036","married","no","no","Male"
